{
  "name": "my_vehicles_top_nav_bar",
  "version": 33,
  "source-key": {
    "type": "figma",
    "file": "hvYlorDa7wnwy62mPh8KbC",
    "node": "2008:10",
    "version": "2191369624920353750",
    "component-id": "c6d287b2450de6711760389e9b7ff9e7a87a1fab"
  },
  "default": "My Vehicles TopNavBar",
  "design": {
    "atoms": [
      {
        "type": "group",
        "id": "top_level",
        "root": "true"
      },
      {
        "type": "image",
        "id": "Settings"
      },
      {
        "type": "text",
        "id": "My Vehicles"
      }
    ],
    "modes": {
      "My Vehicles TopNavBar": {
        "rules": [
          {
            "id": "top_level",
            "size-constraints": {
              "width-constraints": {
                "sizing-mode": "shrink"
              },
              "height-constraints": {
                "sizing-mode": "proportional",
                "value": 1.0
              }
            },
            "arrangement": "row",
            "main-axis-align": "start",
            "children": [
              "Settings",
              "My Vehicles"
            ],
            "item-spacing": 70.0,
            "clip-content": false
          },
          {
            "id": "Settings",
            "tap-handler": "$topBarSettingsBtn",
            "size-constraints": {
              "width-constraints": {
                "sizing-mode": "fixed",
                "value": 29.0
              },
              "height-constraints": {
                "sizing-mode": "fixed",
                "value": 29.0
              }
            },
            "image-content": "$topBarImg",
            "scale": "cover"
          },
          {
            "id": "My Vehicles",
            "font-weight": 800.0,
            "color": {
              "alpha": 0.6745098039215687,
              "hue": 0.0,
              "saturation": 0.0,
              "value": 1.0
            },
            "text-content": "$topBarText",
            "overflow": "visible",
            "text-align-vertical": "center",
            "text-size": 24.0,
            "line-height": 1.2102272510528564,
            "typeface": "Inter"
          }
        ]
      }
    }
  },
  "parameters": {
    "topBarImg": {
      "data-type": "image",
      "required": false,
      "description": ""
    },
    "topBarSettingsBtn": {
      "data-type": "void-callback",
      "required": false,
      "description": ""
    },
    "topBarText": {
      "data-type": "text",
      "required": false,
      "description": ""
    }
  },
  "previews": [
    {
      "design": "My Vehicles TopNavBar",
      "size": {
        "width": 244.0,
        "height": 29.0
      },
      "parameters": {
        "topBarImg": "settings.png",
        "topBarText": "My Vehicles"
      }
    }
  ],
  "adin-component-search-paths": [],
  "image-search-paths": [],
  "vector-search-paths": []
}